Registry,Assignment,Organization Name,Organization Address
IAB,0050C27D5,DEUTA-WERKE GmbH,Paffrather Strasse 140 Bergisch-Gladbach NRW DE 51465 
IAB,40D85511C,DEUTA-WERKE GmbH,Paffrather Strasse 140 Bergisch Gladbach Northrhine Westfalia DE 51465 
IAB,40D8551A1,KRONOTECH SRL,VIALE UNGHERIA 125 - UDINE CAMPOFORMIDO  US 33030 
IAB,0050C2CF9,Elbit Systems of America,4700 Marine Creek Parkway Fort Worth  TX US 76179 
IAB,0050C2F6B,Algodue Elettronica Srl,Via Passerina 3/a Fontaneto d'Agogna  IT 28010 
IAB,0050C21FA,"SP Controls, Inc",930 Linden Avenue San Francisco CA US 94080 
IAB,0050C2811,Open System Solutions Limited,Saltmakers House Southampton Hampshire GB SO31 4NB 
IAB,40D855010,"APG Cash Drawer, LLC",5250 INDUSTRIAL BLVD NE MINNEAPOLIS  US 55421 
IAB,0050C224E,Scharff Weisberg Systems Integration Inc,36-36 33rd St. Long Island City NY US 11106 
IAB,0050C2F74,Thor Technologies Pty Ltd,PO Box 95 Karrinyup Western Australia AU 6921 
IAB,0050C28F9,Honeywell,13350 US Hwy 19 N Clearwater  US 33764-7290 
IAB,0050C2616,Honeywell,13350 U.S. Hwy 19 North Clearwater FL US 33764-7290 
IAB,0050C2872,Oliotalo Oy,Sinikalliontie 18 B 02630 Espoo  FI 000 
IAB,0050C2B1F,Atlas Copco IAS GmbH,Gewerbestraße 52 Bretten-Gölshausen Baden-Württemberg DE 75015 
IAB,40D8550F4,MB connect line GmbH Fernwartungssysteme,Winnettener Straße 5 Dinkelsbühl Bavaria DE 91550 
IAB,0050C2B25,Triax A/S,Bjornkaervej 3 Hornsyld Denmark DK 8783 
IAB,0050C2CD3,Covidence A/S,Strandvejen 2A Roende  DK 8410 
IAB,0050C2E67,Critical Link LLC,251 Salina Meadows Pkwy Syracuse  US 13212 
IAB,0050C28F4,Critical Link LLC,6712 Brooklawn Parkway Syracuse NY US 13211 
IAB,0050C2384,Wireless Reading Systems Holding ASA,Skredderveien 9 Moss Østfold NO 1537 
IAB,0050C2AE3,PSD,Boerkensleen 31 Roosendaal  NL 4705 RL 
IAB,0050C2192,"Advanced Concepts, Inc.",158 W. Johnstown Rd. Gahanna Ohio US 43230 
IAB,0050C225F,Albert Handtmann Maschinenfabrik GmbH&Co.KG,Hubertus Liebrecht Str. 10-12 Biberach D-BW DE 88483 
IAB,0050C26C6,MedAvant Healthcare,"2533 Centennial Blvd., Suite B Jeffersonville IN US 47130 "
IAB,0050C2230,AutoTOOLS group Co. Ltd.,"15F, No. 88, Chung Hsiao E. Rd., Sec. 2, Taipei  TW 100 "
IAB,40D8550D7,Avant Technologies,Road 156 Caguas West Ind. Park Caguas  PR 00726 
IAB,0050C23BA,Phytec Messtechnik GmbH,Robert-Koch-Strasse 39 Mainz Rheinland-Pfalz DE 55129 
IAB,0050C2144,Phytec Messtechnik GmbH,Robert-Koch-Strasse 39 Mainz  DE D-55129 
IAB,0050C28F0,Xentras Communications,1381 S Central Dr. Chandler AZ US 85248 
IAB,0050C202C,Narrowband Telecommunications,Unit 1A - 3751 Burnaby BC CA V5J 5G4 
IAB,0050C2AF0,Fr. Sauter AG,Im Surinam 55 Basel  CH CH4016 
IAB,0050C2134,DRS Photronics,133 Bauer Dr. Oakland NJ US 07436 
IAB,0050C2194,"Cominfo, Inc.",Lesetin 651 Zlin  CZ 760 01 
IAB,0050C2E4C,Applied Micro Electronics AME bv,Esp 100 Eindhoven Noord Brabant NL 5633 AA 
IAB,0050C2E70,DORLET SAU,Albert Einstein 34 Vitoria Alava ES 01510 
IAB,0050C2C6C,DORLET SAU,Albert Einstein 34 Miñano  Mayor Alava ES 01510 
IAB,0050C2796,DORLET SAU,Albert Einstein 34 Vitoria-gasteiz Alava ES 01510 
IAB,0050C2DDE,DRS Imaging and Targeting Solutions,100 N. Babcock St. Melbourne  US 32935 
IAB,0050C2172,SAET I.S. S.r.l.,Via Leini l/b San Maurizio Canavese IT 10077 TO 
IAB,0050C257D,Sierra Video Systems,104B New Mohawk Rd Nevada City CA US 95959 
IAB,40D855155,Telefrang AB,Victor Hasselblads gata 9 Västra Frölunda Västra Götaland SE 42131 
IAB,0050C2E64,Edgeware AB,Master Samuelsgatan 42 Stockholm  SE 11157 
IAB,0050C2A8B,Navicron Oy,Teknologiantie 7A Oulu  FI 90570 
IAB,0050C23C0,EDA Industries Pte. Ltd,Via dell'elettronica Cittaducale Rieti IT 02015 
IAB,0050C2681,Owasys Advanced Wireless Devices,"Parque Tecnologico, 207-B Zamudio Vizcaya ES E-48170 "
IAB,0050C2B37,IAdea Corporation,"3F, NO.33, Lane 77, Xing-ai Road, Taipei  TW 114 "
IAB,40D855098,DAVE SRL,Via Talponedo 29a Porcia Pordenone IT 33080 
IAB,0050C2D43,DSP4YOU LTd,"Unit 1204, 106 How Ming Street Hong Kong  HK 0000 "
IAB,0050C2F90,"SecureTech Systems, Inc.","4108 Amon Carter Blvd, ste 206 Fort Worth TX US 76155 "
IAB,0050C273A,Naturela Ltd.,Ana Feliksova 13 Varna  BG 9020 
IAB,0050C2178,Partner Voxstream A/S,Trekanten 17 Vojens  DK D-6500 
IAB,0050C25BD,NOMUS COMM SYSTEMS,"Plot 9A, Commercial Complex Hyderabad AP IN 500073 "
IAB,0050C2E18,"ABB Transmission and Distribution Automation Equipment (Xiamen) Co., Ltd.","ABB Industrial Park, Torch Hi-Tech Industrial Development Zone Xiamen  Fujian CN 361006 "
IAB,0050C220E,PYRAMID Computer GmbH,Boetzinger Strasse 60 Freiburg BW DE 79111 
IAB,0050C2462,CT Company,"Nizhni Krasnoselsky st., 35. Moscow  RU 140070 "
IAB,0050C2EAE,Alyrica Networks,521B N 19th ST Philomath OREGON US 97370 
IAB,0050C292A,Rohde&Schwarz Topex SA,"71th-73th Nicolae Caramfil street, 2nd floor, 1th district Bucuresti Romania RO 014142 "
IAB,0050C2BFA,Rohde&Schwarz Topex SA,"71th-73th Nicolae Caramfil street, 2nd floor, 1th district Bucuresti Romania RO 014142 "
IAB,0050C2D47,Rohde&Schwarz Topex SA,"71th-73th Nicolae Caramfil street, 2nd floor, 1th district Bucuresti Romania RO 014142 "
IAB,0050C2EAD,Rohde&Schwarz Topex SA,"71th-73th Nicolae Caramfil street, 2nd floor, 1th district Bucuresti Romania RO 014142 "
IAB,0050C25A6,Plastic Logic,34 Cambridge Science Park Cambridge Cambridgeshire GB CB4 0FX 
IAB,40D855182,Georg Neumann GmbH,Ollenhauerstrasse 98 Berlin  DE 13403 
IAB,0050C2FAB,Aplex Technology Inc.,"2Q , NanYouTianAn industrial park Tower4 ,Nanshan District Shenzhen Guangdong CN 518054 "
IAB,0050C23E5,Vacon Plc,P.O.Box 25 Vaasa  FI 65381 
IAB,0050C233A,United Telecoms Ltd,18A/19  Doddanagundi Indl area Banagalore Karnataka IN 560048 
IAB,0050C2552,Elfiq Inc.,1125 university Montreal Quebec CA H3B 3A7 
IAB,0050C2C61,HaiVision Systems Incorporated,4445 Garand Montreal QC CA H4R 2H9 
IAB,0050C2A44,TORC Technologies,"2200 Kraft Dr, Ste 1325 Blacksburg VA US 24060 "
IAB,0050C20B8,"LAN Controls, Inc.",10 Woodvue Road Windham NH US 03087 
IAB,0050C2F87,Vaisala Oyj,Vanha Nurmijarventie 21 VANTAA  FI Fin-01670 
IAB,0050C23E2,SysNova,Herweg 24 Maennedorf Zurich CH 8708 
IAB,0050C2956,Sicon srl,Via Sila 1/3 Isola Vicentina Vicenza IT 36033 
IAB,0050C25C2,"Intuitive Surgical, Inc",950 Kifer Road Sunnyvale CA US 94040 
IAB,0050C2FA5,"Intuitive Surgical, Inc","1250 Kifer Road, Building 103 Sunnyvale CA US 94086 "
IAB,0050C212F,Haag-Streit AG,Gartenstadtstrasse 10 Koeniz  CH CH-3098 
IAB,0050C2143,AARTESYS AG,Bahnhofplatz 7 Biel  CH CH-2502 
IAB,0050C2A0E,ENGICAM s.r.l.,"Via dei pratoni, 16 int. 13 Scandicci Firenze IT 50018 "
IAB,0050C253F,Ellips B.V.,Urkhovenseweg 11 Eindhoven Noord-Brabant NL 5641 KA 
IAB,0050C247A,Efficient Channel Coding,600 Safeguard Plaza Brooklyn Heights  US 44131 
IAB,0050C27A9,"DELTA TAU DATA SYSTEMS, INC.",21314 Lassen St Chatsworth CA US 91311 
IAB,0050C2980,Digital Payment Technologies,4105 Grandview Highway Burnaby BC CA V5C 6B4 
IAB,0050C23B6,Arecont Vision,754 Brookside Lane Sierra Madre CA US 91024 
IAB,0050C2080,AIM,21 Avenue de la plaine fleure 38240 Meylon  FR 12345 
IAB,0050C2953,Grupo Epelsa S.L.,"C/ Albasanz, 6 y 8 Madrid  ES 28037 "
IAB,40D855183,"EMAC, Inc.",2390 EMAC Way Carbondale IL US 62901 
IAB,0050C2360,Digital Receiver Technology,"20250 Century Blvd., #300 Germantown MD US 20874 "
IAB,0050C2974,"EMAC, Inc.",2390 EMAC WAY CARBONDALE IL US 62902 
IAB,40D8551E2,ELNEC s.r.o.,Jana Bottu 5 Presov Presov SK 08001 
IAB,40D8551C4,QED Advanced Systems Limited,8 Oakwood Business Park Weston-s-Mare Somerset GB BS249AY 
IAB,40D8551B6,Magic Systems,Mendeleevskaya 2  Saint-Petersburg RU 194044 
IAB,40D8551C1,Triamec Motion AG,Industriestr. 49 Zug Zug CH 6300 
IAB,40D8551D0,Webeasy BV,Sportlaan 53 Sliedrecht ZH NL 3364DK 
IAB,40D8551A0,Futaba Corporation,"1080 Yabutsuka,Chosei-mura, Chosei-gun Chiba-ken JP 299-4395 "
IAB,40D85519F,Patria Aviation Oy,Naulakatu 3 Tampere  FI 33100 
IAB,40D8551AE,"Autonomous Solutions, Inc",990 North 8000 West Petersboro Utah US 84325 
IAB,40D85519B,Northern Star Technologies,5211 Harris Trace Court Mint Hill NC US 28227 
IAB,40D85519C,Parris Service Corporation,14841 N Hwy 41 Rathdrum ID US 83858 
IAB,40D855199,PRESSOL Schmiergeraete GmbH,Parkstrasse 7 Falkenstein Bavaria DE 93167 
IAB,40D85519E,Thirdwayv Inc.,8218 Torrey Gardens Place San Diego CA US 92129 
IAB,40D8551A7,"ENTEC Electric & Electronic CO., LTD",78-2 Buncheon-ri Hwaseong-city Gyungki-do KR 445-894 
IAB,40D8551A8,Multiobrabotka,"Lermontova,74 Kamensk-Uralsky Sverdlovsk region RU 623400 "
IAB,40D85518F,"Beat Sensing co. , ltd.",1072-1 Sunto-gun Shizuoka JP 411-0917 
IAB,40D85517F,Telvent,"P.I. Alcobendas C/ Valgrande, 6 Alcobendas Madrid US 28108 "
IAB,40D855181,eROCCA,196A rue du Rocher de Lorzier MOIRANS  FR 38430 
IAB,40D855168,OPASCA Systems GmbH,Julius-Hatry-Str. 1 Mannheim  DE 68163 
IAB,40D855159,PLATINUM GmbH,Pfannerstrasse 75 Wangen  DE 88239 
IAB,40D85515D,Actronic Technologies,45 Patiki Rd  Auckland NZ 1026 
IAB,40D855170,ICS Eletronics,7034 Commerce Circle Pleasanton CA US 94588 
IAB,40D855143,Tokyo Drawing Ltd.,103 Ni Terai-machi Nomi-shi Ishikawa JP 923-1121 
IAB,40D85514F,TDS Software Solutions Pty Ltd,5 The Crest Chandlers Hill South Australia AU 5160 
IAB,40D85513E,hanatech,D-1412 gwangmyeong techno park gwangmyeong-si gyeonggi-do KR 423-795 
IAB,40D855142,"Tetracore, Inc.",9901 Belward Campus Drive Rockville Maryland US 20850 
IAB,40D85513C,"shanghai Anjian Information technology co. , ltd.","Room 413，Block B , shanghai shanghai CN 200235 "
IAB,40D85513D,Perm Scientific-Industrial Instrument Making Company JSC,"25th of October Str, 106 Perm Privolgsky Federal District RU 614990 "
IAB,40D855127,LIGHTSTAR,"18,CHASEONGDONGRO, 142BEONGIL BUSAN  KR 619-905 "
IAB,40D855137,GDE Polska,Swiatnicka 88 Str. Wlosan  PL 32-031 Mogilany 
IAB,40D85512F,Private,
IAB,40D855139,WOW System,"#411, MEGA Center, SKn Techno Park, Sangdaewon 1-dong, Jungwon-gu Seongnam-si Gyeonggi-do KR 462-721 "
IAB,40D85512B,"Mango DSP, Inc.",83 East Ave. Norwalk CT US 06877 
IAB,40D8550FD,MONOGRAM technologies ltd,Ilkovicova 6276 Bratislava  SK 84216 
IAB,40D8550FC,eumig industrie-tv GmbH,Gewerbeparkstr.9 Salzburg Anif AT 5081 
IAB,40D85511A,Sicon srl,Via Sila 1/3 Isola Vicentina Vicenza IT 36033 
IAB,40D855117,RCS Energy Management Limited,RMS House Newbury Berkshire GB RG14 5PX 
IAB,40D855107,"Smith Meter, Inc",1602 Wagner Ave Erie PA US 16514 
IAB,40D855120,ObjectFab GmbH,Pohlandstrasse 19 Dresden  DE D-01309 
IAB,40D8550ED,IntelliDesign Pty Ltd,99 Bluestone Circuit Seventeen Mile Rocks Qld AU 4073 
IAB,40D8550EA,A-Z-E,Brendelweg 98 Delmenhorst Niedersachsen DE 27755 
IAB,40D8550E8,HEITEC AG,Dr.-Otto-Leich-Str. 16 Eckental Bavaria DE 90542 
IAB,40D8550EE,Siegmar Zander HuSWare,Wilmsstr.12 Berlin  DE 10961 
IAB,40D8550DE,VPG,Box 423 Karlskoga  SE SE-691 27 
IAB,40D8550D6,deskontrol electronics,Avinguda del port 158 - 9 Valencia Comunidad Valenciana ES 46023 
IAB,40D8550D4,"Mitsubishi Heavy Industries, Ltd.","3-1, ASAHI, NISHIBIWAJIMA-CHO KIYOSU AICHI JP 452-8561 "
IAB,40D8550D2,ELAN SYSTEMS,10 IHASZ STR BUDAPEST  HU 1105 
IAB,40D8550DC,NVS Technologies Inc,1505 Adams Dr Suite D Menlo Park CA US 94025 
IAB,40D8550C4,Inspired Systems,70 Mordaunt Cct Canning Vale WA AU 6155 
IAB,40D8550A6,Alumbra Produtos Elétricos e Eletrônicos Ltda,"Rua Guimarães Rosa, 450 São Bernardo do Campo São Paulo BR 09851-380 "
IAB,40D8550A8,Baudisch Electronic GmbH,Im Gewerbegebiet 7-9 Wäschenbeuren Baden-Württemberg DE 73116 
IAB,40D8550B5,DATA SHARING CONSULTING,815 AV IRENE ET FREDERIC JOLIOT CURIE LA GARDE PACA FR 83130 
IAB,40D8550AD,Space Micro,10237 Flanders Court San Diego California US 92121 
IAB,40D8550B0,Micrologic,"Via Brodolini, 6 Crevoladossola Verbania IT 28865 "
IAB,40D8550AF,EnVerv Inc.,"680 N. McCarthy Blvd., Suite 220 MILPITAS CA US 95035 "
IAB,40D8550AE, GD Mission Systems,8220 E. Roosevelt St. Scottsdale AZ US 85257 
IAB,40D8550B2,Ever Trend Technology Development Limited,Pokfulam 86D Floor 1 Room D Hong Kong Hong Kong HK 000 
IAB,40D85509B,Tokyo Denki Gijutsu Kogyo,2-12-2 Nakane Meguro-ku TOKYO  JP 152-0031 
IAB,40D855095,Heart Force Medical,212 - 2112 West Broadway Vancouver BC CA V6K 2C8 
IAB,40D855091,KDT,"203-902, bucheon Techno-park 192, Yakdae-dong, Wonmi-gu Bucheon-si Gyeonggi-do KR 420-733 "
IAB,40D85508E,Lyngsoe Systems,5570 Kennedy Rd Mississauga On CA L4Z 2A9 
IAB,40D85508F,Excelitas,1330 E Cypress St Covina CA US 91724 
IAB,40D85508A,Leder Elektronik Design,Bruchweg 10 Ketsch Baden-Wuerttemberg DE 68775 
IAB,40D85506E,C-COM Satellite Systems Inc.,2574 Sheffield Road Ottawa ONTARIO CA K1B3V7 
IAB,40D85506B,BRS Sistemas Eletrônicos,"Rua Gomes de Freitas, 491 / 204 Porto Alegre RS BR 91380-000 "
IAB,40D855069,Smartcom-Bulgaria AD,"Office 414A, BIC IZOT Building 1  SOFIA BG 1784 "
IAB,40D85506D,"BroadSoft, INC",550 S Winchester Blvd San Jose CA US 95128 
IAB,40D855072,CT Company,"Nizhni Krasnoselsky st.,35 Moscow  RU 140070 "
IAB,40D855073,"Diamond Technologies, Inc","6 Clock Tower Place, Suite 100 Maynard MA US 01754 "
IAB,40D855082,ard sa,Micropolis Bat Clematis Gap France FR 05000 
IAB,40D85507E,TESCOM CORPORATION,29-8 Teramachi Hachioji Tokyo JP 192-0073 
IAB,40D855057,Tammermatic Group Oy,Tesomanvaltatie 28 Tampere  FI 33300 
IAB,40D855053,Amantys Ltd,"Platinum Building, St John's Innovation Park Cambridge Cambridgeshire GB CB4 0WS "
IAB,40D855046,Circuitlink Pty Ltd,4 / 87 Station Road Seven Hills NSW AU 2147 
IAB,40D85505E,inoage GmbH,Fetscherplatz 5 Dresden Sachsen DE 01307 
IAB,40D855042,Mango Communicaitons Inc.,4606 Morningside Dr. Houston TX US 77005 
IAB,40D85503C,"Computer System Co.,Ltd",Matsuyama-Daiichi-Seimei Bldg 8F Matsuyama EHIME JP 790-0001 
IAB,40D855033,Ermes Elettronica s.r.l.,"Via Treviso, 36 San Vendemiano TV IT 31020 "
IAB,40D855029,Depro Electronique,755 cure-boivin Boisbriand Quebec US J7G 2J2 
IAB,40D855048, GD Mission Systems,8220 E. Roosevelt St. Scottsdale AZ US 85257 
IAB,40D855038,Special Measurements Labs LLC,"ul. Nartova, 6 Nizhny Novgorod  RU 603104 "
IAB,40D855040,GHL Systems Berhad,L5-E-7B  Enterprise 4 Bukit Jalil Kuala Lumpur MY 57000 
IAB,40D855003,AlphaNavigation coltd,3-1-22 hitahonmachi YAO OSAKA US 581-0802 
IAB,40D855013,Grande Vitesse Systems,390 Fremont St. San Francisco CA US 94105 
IAB,40D855015,BITMILL srl,Corso Vercelli 125A IVREA  IT 10015 
IAB,40D85500D,HuNS,"Pyeongchon-dong, Dongan-gu, Anyang-si, Gyeonggi-do, Korea Anyang-si Gyeonggi-do KR 431-755 "
IAB,40D85501F,Sitep Italia Spa,Via Vincinella 14 Santo Stefano Magra La Spezia IT 19037 
IAB,40D85501A,MEGGITT DEFENSE SYSTEMS INC.,9801 MUIRLANDS BLVD. IRVINE CA US 92618 
IAB,40D85500E,Brightwell Dispensers,Brightwell Industrial Estate Newhaven East Sussex GB BN9 0JF 
IAB,0050C2FFA,Nupoint Systems Inc.,4821 Colbrook Court Burnaby BC CA V5G 3Y3 
IAB,40D855006,Bactest Limited,St John's Innovation Centre Cambridge Cambridgeshire GB CB4 0WS 
IAB,0050C2FE4,RTT Mobile Interpretation,1107 Hazeltine Blvd. Chaska MN US 55318 
IAB,0050C2FEA,Brunel GmbH Section Communications,Daimlerring 9 Hildesheim Niedersachsen DE 31135 
IAB,0050C2FED,LOGISOL Kft.,Bocskai u. 21. Tinnye Pest-megye US H-2086 
IAB,0050C2FEC,"First System Technology Co., Ltd.","1F., No.8, Alley 6, Lane 19, Fuhe Rd New Taipei City  US 23449 "
IAB,0050C2FD8,Ease Inc.,Feliceappear 1F Sano-shi Tochigi JP 327-0004 
IAB,0050C2FDA,ELAN SYSTEMS,10 IHASZ STR BUDAPEST  HU 1105 
IAB,0050C2FCB,Propagation Systems Limited,"Unit219A, 2/F, Enterprise Place, No.5 Science Park Science Park, Shatin  HK  "
IAB,0050C2FBF,MYLOGIC,"#106 Deayoung golden vally,290-2 Uiwang-si Gyeonggi-do KR 437-801 "
IAB,0050C2FBE,senTec Elektronik GmbH,Werner-von-Siemens-Strasse 6 Ilmenau  DE 98693 
IAB,0050C2FC5,"Sakura Seiki Co.,Ltd.","75-5, Imojiya Chikuma-city Nagano Prefecture JP 387-0015 "
IAB,0050C2FB3,CT Company,"Godovikova 9, Moscow Moscow RUSSIA RU 129085 "
IAB,0050C2FB2,Preston Industries dba PolyScience,6600 W. Touhy Ave Niles IL US 60714-4588 
IAB,0050C2FAE,ATI Automação Telecomunicações e Informática Ltda,"Rua Professor José Vieira de Mendonça, 770 Belo Horizonte Minas Gerais BR 31130-20 "
IAB,0050C2FAF,Vremya-CH JSC,"67, Osharskaya Str Nizhny Novgorod Nizhny Novgorod region RU 603105 "
IAB,0050C2FB4,MC-monitoring SA,Route des Daillettes 6 Fribourg FR CH 1709 
IAB,0050C2F9E,Matsusada Precision Inc.,745 Aoji Kusatsu Shiga JP 525-0041 
IAB,0050C2FAA,YJSYSTEM,"#902, E&C Venture Tower GuroDong, GuroGu Seoul KR 152-719 "
IAB,0050C2FAD,Finishing Brands,1910 North Wayne Street Angola IN US 46703 
IAB,0050C2F93,Baudisch Electronic GmbH,Im Gewerbegebiet 7-9 Wäschenbeuren Baden-Württemberg DE 73116 
IAB,0050C2F89,CSA Engineering AG,Hans Huber-Strasse 38 Solothurn SO CH 4500 
IAB,0050C2F92,CONET Solutions GmbH,Theodor-Heuss-Allee 19 Hennef NRW DE 53773 
IAB,0050C2F9B,NEWELL TECHNOLOGIES LIMITED ,"Unit 13, 4/F, New City Centre, Kowloon  HK  "
IAB,0050C2F71,"RF Code, Inc",9229 Waterford Centre Austin TX US 78758 
IAB,0050C2F6D,Pro Design Electronic GmbH,Albert-Mayer-Straße 14-16 Bruckmuehl Bavaria DE 83052 
IAB,0050C2F6E,"Smith Meter, Inc.",1602 Wagner Ave. Erie PA US 16514 
IAB,0050C2F50,Moritex Corporation,9-21-4 saitama city saitama prefecture JP 3380837 
IAB,0050C2F5E,Y-cam Solutions Ltd,Vision House Richmond Surrey GB TW9 2JN 
IAB,0050C2F5C,DSP DESIGN LTD,TAPTON PARK INNOVATION CENTRE CHESTERFIELD DERBYSHIRE GB S41 0TZ 
IAB,0050C2F4B,Supranet,Majstorska 5 Zagreb  HR 10000 
IAB,0050C2F5A,Sentry 360 Security,1280 Iroquois Ave Naperville IL US 60563 
IAB,0050C2F62,"EMAC, Inc.",2390 EMAC Way Carbondale IL US 62902 
IAB,0050C2F46,Reason Tecnologia S.A.,"Rua Delminda Silveira, 855 Florianopolis Santa Catarina BR 88025-500 "
IAB,0050C2F56,"Monsoon Solutions, Inc.",2405 140th Ave NE Bellevue WA US 98005 
IAB,0050C2F39,"InForce Computing, Inc.","48860 Milmont Drive, Suite 101C Fremont CA US 94538 "
IAB,0050C2F3D,Project service S.a.s,Via Paderno 31/C Seriate Bergamo IT 24100 
IAB,0050C2F37,Rosslare Enterprises Limited,Flat 912 Wing Fat Industrial Building Kowloon Bay Kowloon HK  
IAB,0050C2F31,Ruetz Technologies GmbH,Walter Gropius Str. 17 Munich Bayern US 80807 
IAB,0050C2F41,FairyDevices Inc.,Entrepreneur Plaza Bldg  5F Bunkyou-ku Tokyo JP 113-0033 
IAB,0050C2F2B,Bio Guard component & technologies,4 Ha'harash St. Hod Hasharon  IL 45240 
IAB,0050C2F25,Samway Electronic SRL,"Campia Libertatii 46, ap 33 Bucuresti  RO 030375 "
IAB,0050C2F24,CT Company,"Nizhni Krasnoselsky st.,35 Moscow  RU 140070 "
IAB,0050C2F0B,"Treehaven Technologies, Inc.",3960 Presidential Pkwy Suite B Powell OH US 43065-9033 
IAB,0050C2F17,"ABB Transmission and Distribution Automation Equipment (Xiamen) Co., Ltd.","ABB Industrial Park, Torch Hi-Tech Development Zone. Xiamen Fujian CN 361006 "
IAB,0050C2F15,Sascal Displays Ltd,16 The Metro Centre Hayes London GB UB4 0LE 
IAB,0050C2F18,Vitec Multimedia,99 rue Pierre Sémard CHATILLON  FR 92320 
IAB,0050C2F09,Wheatstone Corporation,600 Industrial Drive New Bern NC US 28562 
IAB,0050C2EF8,HCL Technologies,"A5, Sector 24 Noida Uttar Pradesh IN 201301 "
IAB,0050C2EDB,BELIK S.P.R.L.,Rue du Roussart 147 Waterloo Brabant BE 1410 
IAB,0050C2EDA,"Joint Stock Company ""Svyaz Inginiring M""","42, Varshavskoye Shosse,   Moscow region RU 115230 "
IAB,0050C2ED9,Plasmatronics pty ltd,75 Newman Street Thornbury Victoria AU 3071 
IAB,0050C2EBE,Global Tecnologia LTDA.,"Av. das Araucárias, n.2558 Araucária PR BR 81530-020 "
IAB,0050C2ED1,Arcontia Technology AB,Gruvgatan 35A Vastra Frolunda  SE 42130 
IAB,0050C2EB8,dspnor,Vaagsgaten 22 Bergen Hordaland NO 5162 
IAB,0050C2ECF,TAIWAN HIPLUS CORPORATION,"13F-9 NO.2 CHENG PA RD. ZHONGHE DIST.,  NEW TAIPEI   TW 23511 "
IAB,0050C2EB2,Otaki Electric Corporation,"6-6,Aza-Kamibukuro,Syakanai Ohdate Akita JP 017-0012 "
IAB,0050C2EB3,AR RF/Microwave Instrumentation,160 School House Road Souderton PA US 18964 
IAB,0050C2EA4,head,kita-ku tenjinbashi 2-2-25 Osaka-shi Osaka JP 5300041 
IAB,0050C2EA1,TEX COMPUTER SRL ,VIA MERCADANTE 35 CATTOLICA  RIMINI  IT 47841 
IAB,0050C2EA7,Saia-Burgess Controls AG,Bahnhofstrasse 18 Murten FR CH 3280 
IAB,0050C2E9C,SPARQ systems,166 barrie st kingston ontario CA k7l3n6 
IAB,0050C2E79,MCS MICRONIC Computer Systeme GmbH,"Ullsteinstrasse 114, Tower C Berlin  DE 12109 "
IAB,0050C2E8D,"SystemAdvanced Co,Ltd",Adachi 1-9-3  Adachi-Ku Tokyo JP 1200015 
IAB,0050C2E8C,Epec Oy,P.O. Box 194 Seinäjoki  FI 60101 
IAB,0050C2E8B,"RPA Electronic Solutions, Inc.",1285 Chenango St. Binghamton New York US 13901 
IAB,0050C2E7D,AEL Microsystems Limited,12 Pixiefield Malvern Worcestershire GB WR13 5ND 
IAB,0050C2E7E,Swareflex GmbH,Josef-Heiss-Straße 1 Vomp Tyrol AT 6134 
IAB,0050C2E6D,Allerta Inc,314 Batavia Pl Waterloo ON CA N2L3W2 
IAB,0050C2E6E,Power-One Italia S.p.A,Via San Giorgio 642 Terranuova Bracciolini Arezzo IT 52028 
IAB,0050C2E6B,Sika Technology AG,Tüffenwies 16 Zürich ZH CH 8048 
IAB,0050C2E69,Netmaker,"Mega Valley SB111,Gwanyang2,Dongan Anyang Gyeonggi KR 431-767 "
IAB,0050C2E55,TTi Ltd,Glebe Road Huntingdon Cambridgeshire GB PE29 7DR 
IAB,0050C2E54,Arcos Technologies LTD,26 Hasivim  St. Petach-Tikva Israel IL 49517 
IAB,0050C2E63,Prima sistemi,Å orlijeva 7 Kranj Gorenjska SI 4000 
IAB,0050C2E5C,"MCOPIA Co., Ltd","4th Floor, Jinhyun  Building, Neong-dong, 246-2, Kwangjin-Gu SEOUL  KR 143-849 "
IAB,0050C2E73,ACS Motion Control Ltd.,Ramat Gabriel Industrial Park Migdal Ha'Emek  IL 10500 
IAB,0050C2E4E,Institute For Information Industry,"7F., No.133, Sec. 4, Minsheng E. Rd. Taipei City  TW  "
IAB,0050C2E52,Famas System S.p.A.,"Via degli artigiani sud, 19 Egna BZ IT 39044 "
IAB,0050C2E3B,Nanosolution Inc.,"Room 110, Woolim Lions Valley  Seongnam-si Gyeonggi-do KR 462-806 "
IAB,0050C2E39,Telemetrics Inc.,6 LEIGHTON PL MAHWAH NJ US 074303198 
IAB,0050C2E38,Aesir Copenhagen,Elektroniikkatie 10 Oulu  FI 90590 
IAB,0050C2E45,Stichting Sunrise,Daltonstraat 51 DEN Haag Zuid Holland NL 2561 SR 
IAB,0050C2E28,Teplovodokhran,"Novaya, 51v Ryazan  RU 390027 "
IAB,0050C2E27,CONTROL SYSTEMS Srl,"Via del Brolo, 14 Cremona CR IT 26100 "
IAB,0050C2E30,Goennheimer Elektronic GmbH,Dr. Julius leber Str. 2 Neustadt  DE 67433 
IAB,0050C2E22,Michael Riedel Transformatorenbau GmbH,Max-Eyth-Str. 10 Ilshofen BW DE 74532 
IAB,0050C2E15,"IHI Scube Co.,Ltd",Takamatsu-cyo 1-100 Tachikawa-shi Tokyo JP 190-0011 
IAB,0050C2E0F,Trentino Systems,Damgade 71 Sonderborg  DK 6400 
IAB,0050C2E26,Cinetix s.r.l.,Via LIsbona 1 Padova PD IT 35127 
IAB,0050C2E1E,Lo-Q plc,"Unit 2, The Pavilions Twyford  GB RG10 9NN "
IAB,0050C2E10,"Radinetworks Co., Ltd","7F-5, No.229, Fuhsing 2nd Rd Jubei Hsinchu County TW 30271  "
IAB,0050C2DF8,Tommotek (WA) Pty Ltd.,72 Achievement Way Wangara Western Australia AU 6065 
IAB,0050C2DF2,Ocean Sonics,Hill House Great Village Nova Scotia CA B0M 1L0 
IAB,0050C2DDD,A&A GENERAL SRL,"Calea Victoriei 85, bl.1, ap.30 Bucuresti  RO 010066 "
IAB,0050C2DD9,Metraware,Quartier Cime de Vieres CABRIERES D AIGUES  FR 84240 
IAB,0050C2DD0,IDC Solutions Pty Ltd,"Suite 8, 21 Regent Street Sydney  NSW AU 2016 "
IAB,0050C2DC4,Keith & Koep GmbH,Uellendahler Str. 199 Wuppertal NRW DE 42109 
IAB,0050C2DBE,"WITHSYSTEM Co.,Ltd","C/603, Digital empire, #980-3 suwon-si gyeonggi-do KR 443-470 "
IAB,0050C2DC0,Security Services Group (SSG),"Unit 12, Taurus Business Park Warrington Cheshire GB WA5 7ZT "
IAB,0050C2DBB,"Esensors, Inc.",4240 Ridge Lea Road Amherst NY US 14226 
IAB,0050C2DCA,Tele Data Control,Pod Jarovem 2236 Praha  CZ 13000 
IAB,0050C2DA5,megatec electronic GmbH,Lehenhammer 14 Etzelwang Bayern DE 92268 
IAB,0050C2DA3, GD Mission Systems,8220 E. Roosevelt St. Scottsdale AZ US 85257 
IAB,0050C2DA6,Manitowoc Ice ,2110 South 26th Street Manitowoc Wisconsin US 54220 
IAB,0050C2DB0,IMAGO Technologies GmbH,Strassheimer Strasse 45 Friedberg Hessen DE D-61169 
IAB,0050C2DA0,Precision Remotes,"860 Harbour Way South, Suite A Richmond CA US 94804 "
IAB,0050C2D9F,BitWise Controls,98 Inverness Dr East Englewood CO US 80112 
IAB,0050C2D98,Rong Shun Xuan Corp.,"1F, No. 5, Aly. 1, Ln 297, Ancing St., Sanchong City, Taipei  TW 24162 "
IAB,0050C2DB3,LAUDA DR. R. WOBSER GMBH & CO. KG,Pfarrstraße 41/43 Lauda-Koenigshofen Baden-Württemberg DE 97922 
IAB,0050C2DA7,Capton,3001 Bridgeway Sausalito CA US 94965 
IAB,0050C2D87,Electrolight Shivuk (1994) Ltd.,"P.O BOX 258, Moshav Bazra 60944 Moshav Bazra  IL 60944 "
IAB,0050C2D94,"Software Effect Enterprises, Inc",PO Box 1514 Newnan GA US 30264 
IAB,0050C2D90,Dumps Electronic,Passauer Straße 45 Röhrnbach  DE 94133 
IAB,0050C2D92,Manz,21D Yagia Kapayim St. Petach-Tikva  IL 49130  
IAB,0050C2D8E,"LSD Science&Technology Co.,Ltd.","Lierda Building,No.425 Dengyun Road Hangzhou Zhejiang CN 310011 "
IAB,0050C2D8D,CS-Instruments,Zindelsteiner Straße 15 VS-Tannheim Baden-Württemberg DE 78052 
IAB,0050C2D7E,LYNX Technik AG,Brunnenweg 3 Weiterstadt Hessen DE 64331 
IAB,0050C2D7C,Microcubs Systems Pvt Ltd,"S.no.25/4/5, Vijaya Chembers, PUNE Maharastra US 411051 "
IAB,0050C2D68,"HiSpeed Data, Inc.",4 Dakota Trail Branchburg NJ US 08876 
IAB,0050C2D59,BUANCO SYSTEM A/S,Agerhatten 25 Odense SØ  DK 5220 
IAB,0050C2D62,"EMAC, Inc.",2390 EMAC Way Carbondale IL US 62902 
IAB,0050C2D63,DATAREGIS S.A.,"Rua Dom Aguirre, 190 São Paulo SP BR 04671-245 "
IAB,0050C2D5C,Ibetor S.L.,"Belgrado, 26.  Las Rozas Madrid ES 28232 "
IAB,0050C2D53,Telemerkki Oy,Raturinkuja 10-12 Jokela Tuusula FI 05400 
IAB,0050C2D71,"EMAC, Inc.",2390 EMAC Way Carbondale IL US 62902 
IAB,0050C2D4F,SECOM GmbH,Saseler Bogen 4a Hamburg  DE 22393 
IAB,0050C2D2D,Cadi Scientific Pte Ltd,31 Ubi Road 1 Aztech Building Singapore  SG 408694 
IAB,0050C2D4C,DALOG Diagnosesysteme GmbH,Siemensstrasse 2a Neusaess Bavaria DE 86356 
IAB,0050C2D34,GAON TECH corp.,"#509, 199 Tekeuno2(i)-ro, Yuseong-gu Daejeon Yuseong-gu KR 305-500 "
IAB,0050C2D03,Peekel Instruments B.V.,Industrieweg 161 Rotterdam ZH NL 3044 AS 
IAB,0050C2D02,SURVALENT TECHNOLOGY CORP,2600 ARGENTIA ROAD MISSISSAUGA ONTARIO CA L5N 5V4 
IAB,0050C2D27,Fr.Sauter AG,Im Surinam 55 Basel BS CH CH4016 
IAB,0050C2D26,RCH GROUP,"VIA CENDON, 39 SILEA TREVISO IT 31057 "
IAB,0050C2D1C,"Recon Dynamics, LLC",2300 Carillon Point Kirkland WA US 98033 
IAB,0050C2D14,SAET I.S.,Via Leinì 1/b San maurizio Canavese TO IT 10077 
IAB,0050C2D10,Rosslare Enterprises Ltd.,Flat 912 Wing Fat Industrial Building Kowloon Bay Kowloon HK 00000 
IAB,0050C2D12,"Tokyo Weld Co.,Ltd.","2-28-1, Kitamagome Ota-ku Tokyo JP 143-0021 "
IAB,0050C2D0F,Saia-Burgess Controls AG,Bahnhofstrasse 18 Murten FR CH 3280 
IAB,0050C2D0B,CODACO ELECTRONIC s.r.o.,Hemy 825 Valasske Mezirici  CZ 75701 
IAB,0050C2D0A,"Airpoint Co., Ltd.",3rd fl. KDB Bldg. 946 unsan-dong Daejeon  KR 302-120 
IAB,0050C2D20,7+ Kft,Homorod 17 Budapest  HU 1118 
IAB,0050C2CE6,APLICA TECHNOLOGIES,10 HALAPID PETECH- TIKVA  IL 49170 
IAB,0050C2CE7,Echola Systems,1971 Wayne Cir San Jose CA US 95131 
IAB,0050C2CFD,"AIRFOLC,INC.","4F CHOYO-BLDG.,225 SANMONJI-CHO KYOTO  JP 604-8135 "
IAB,0050C2CF7,Armour Home Electronics LTD,Unit B3 Kingswey Business Park Woking Surrey GB GU21 5SA 
IAB,0050C2CF6,Epec Oy,P.L. Box 194 Seinäjoki  FI 60101 
IAB,0050C2CE9,Private,
IAB,0050C2CD4,SCHRAML GmbH,Herxheimer Str. 7 Vagen Bavaria DE 83620 
IAB,0050C2CD5,Arcos Technologies Ltd.,26 Hasivim  St. Petach-Tikva  IL 49517 
IAB,0050C2CCA,SANMINA SHENZHEN,1 NAN LING ROAD SHENZHEN  CN 518125 
IAB,0050C2CC2,ConectaIP Tecnologia S.L.,Novell 58 Barcelona  ES 08014 
IAB,0050C2CDB,RUTTER INC,63 THORBURN ROAD ST. JOHN'S NEWFOUNDLAND CA A1B 3M2 
IAB,0050C2CDA,taskit GmbH,Seelenbinderstrasse 33 Berlin  DE 12555 
IAB,0050C2CB1,ZK Celltest Inc,256 Gibraltar Drive  Sunnyvale CA US 94089 
IAB,0050C2CAF,Fr. Sauter AG,Im Surinam 55 Basel BS CH CH 4016 
IAB,0050C2C97,"MSTRONIC CO., LTD.","2F, No#12 Gongshang Rd. Taipei County  TW 248 "
IAB,0050C2C9B,Sm electronic co.,"338-2, Gwangpyeong-dong, Gumi-si Gyeongsangbuk-do, KR 730-080 "
IAB,0050C2CAB,SAE IT-systems GmbH & Co. KG,Im Gewerbegebiet Pesch 14 Köln NRW DE 50767 
IAB,0050C2CA9,Intelligent Devices,300 Redland Ct.  Owings Mills MD US 21117 
IAB,0050C2C94,"ISIS ENGINEERING, S.A.","C/ JOSE JESUS GARCIA DIAZ, 2 SEVILLA  ES 41020 "
IAB,0050C2C91,Media Technologies Ltd.,361 Mill Road Colchester Essex GB CO4 5GG 
IAB,0050C2C75,Rovsing A/S,Dyregaardsvej 2 Skovlunde Copenhagen DK 2740 
IAB,0050C2C6D,"Deansoft CO., Ltd.","3f,No.25,Alley 15, Lane 120, Neihu Rd.,  Taipei  TW 11493 "
IAB,0050C2C6A,ELECTRONICA KELD,C/Lentisco 15 LA CARTUJA BAJA ZARAGOZA ES 50720 
IAB,0050C2C6F,MSB Elektronik und Geraetebau GmbH,Hofwiesenstr. 23 Crailsheim BaWue DE 74564 
IAB,0050C2C71,Sequoia Technology Group Ltd,Tekelec House Reading Berkshire GB RG7 1PW 
IAB,0050C2C64,"Pal Software Service Co.,Ltd.",2ND TSUKUNA BULD. 3-10-31 AMAYAMA MATSUYAMA EHIME JP 7900951 
IAB,0050C2C5F,Icon Time Systems,15201 NW Greenbrier Parkway Beaverton OR US 97006 
IAB,0050C2C89,Creative Micro Design,645B Dawson drive Newark DE US 19713 
IAB,0050C2C83,Gronic Systems GmbH,Hilpertswiese 7 Birstein  DE 63633 
IAB,0050C2C85,Peek Traffic Corporation,2906 Corporate Way Palmetto Florida US 34221 
IAB,0050C2C84,DOMIS,10 avenue Jean Moulin RUMILLY  FR 74150 
IAB,0050C2C5B,MICRO TECHNICA,5-12-1 Tsurugasima SAITAMA JP 350-2211 
IAB,0050C2C48,"Cytek Media Systems, INC.",126 NW Jackson Topeka KS US 66603 
IAB,0050C2C3F,ANXeBusiness Corporation,4106 Reas Lane New Albany IN US 47150 
IAB,0050C2C18,"Linuxstamp Designs, LLC",3807 S Jewel Dr Flagstaff AZ US 86001 
IAB,0050C2C28,ELREHA GmbH,Schwetzinger Straße 104 Hockenheim Baden-Württemberg DE 68766 
IAB,0050C2BF2,Saia-Burgess Controls AG,Bahnhofstrasse 18 Murten FR CH 3280 
IAB,0050C2BEE,Private,
IAB,0050C2BF6,NOLAM EMBEDDED SYSTEMS,8 Rue d'estienne d'orves CRETEIL  FR 94000 
IAB,0050C2BF7,Phytec Messtechnik GmbH,Robert-Koch-Straße 39 Mainz Rheinland-Pfalz DE 55129 
IAB,0050C2BF4,Monarch Innovative Technologies Pvt Ltd,"Monarch House, Master Mind II, Mumbai Maharashtra IN 400065 "
IAB,0050C2BEA,Daeyoung inc.,"596-1, Baegun-dong, Nam-gu Gwang-Ju  KR 503-300 "
IAB,0050C2BE0,Phaedrus Limited,5 Marsh House Mill Darwen Lancashire GB BB3 3JJ 
IAB,0050C2BE2,Convergent Bioscience Ltd.,27 Coronet Road Toronto ON CA M8Z 2L8 
IAB,0050C2BDE,Evo-Teh d.o.o.,Mariborska cesta 3 Dravograd Slovenija SI SI2370 
IAB,0050C2C03,Volumatic Limited.,Taurus House Coventry West Midlands GB CV6 5PY 
IAB,0050C2BDC,SS Systems LLC,104 Kurtner Ct Morrisville NC US 27560 
IAB,0050C2BD7,SLAT,11 Rue Jean-Elysée DUPUY Champagne au Mont d'Or Rhône FR 69543 
IAB,0050C2BE6,Docobo Ltd,The Old Granary Bookham Surrey GB KT23 4AA 
IAB,0050C2BBD,ITS Telecom,29 Hametzuda st. Azur  IL 58001 
IAB,0050C2BCF,"Epiko, elektronski sistemi d.o.o.",Izanska cesta 146a    Ljubljana Slovenija SI 1108 
IAB,0050C2BC8,AGWTech Ltd,22 Nederdale Close Yarm Stockton-on-Tees GB TS15 9UE 
IAB,0050C2BD0,EDC wifi,Bao An Nan Lu ShenZhen GuangDong CN 518001 
IAB,0050C2BBF,Phytec Messtechnik GmbH,Robert-Koch-Straße 39 Mainz Rheinland-Pfalz DE 55129 
IAB,0050C2B87,"EMAC, Inc.",2390 EMAC Way Carbondale IL US 62902 
IAB,0050C2B84,Innovate Software Solutions Pvt Ltd,"#333 ,18th G Main Road,6th Block Bangalore Karnataka IN 560095 "
IAB,0050C2B9B,Telventy Energia S.A.,"Valgrande, 6 Alcobendas Madrid ES 28108 "
IAB,0050C2B8A,MicroPoise,1624 Englewood Ave Akron Ohio US 44305 
IAB,0050C2B89,"ENTEC Electric & Electronic Co., LTD.","78-2 Buncheon-ri, Bongdam-eup Hwaseong-city Gyungki-do KR 445-894 "
IAB,0050C2BA1,Transtechnik GmbH & Co.KG,Ohmstraße 1 Holzkirchen Bavaria DE 83607 
IAB,0050C2BA2,Logical Tools s.r.l.,"Via di Giorgio Scalia, 46 Rome  IT 00136 "
IAB,0050C2B90,"NAONWORKS Co., Ltd","Rm710, Byucksan Digitalvalley 3, Seoul  KR 152-775 "
IAB,0050C2B94,Tritech International Ltd,Morecambe Road Ulverston Cumbria GB LA12 0BH 
IAB,0050C2B8F,Gentec,2625 Dalton Quebec  CA G1P 3S9 
IAB,0050C2BAD,Prediktor AS,Habornveien 48B Gamle Fredrikstad . NO 1630 
IAB,0050C2BAB,iDeal Teknoloji Bilisim Cozumleri A.S.,Cumhuriyet Cad. Yeni Parseller Sok. B Blok Giris Kat KAVACIK ISTANBUL  TR 34805 
IAB,0050C2B7E,NARETRENDS,"#406, Hyunhaetop B/D, 1144-4 BUCHEON GYEONGGI-DO KR 420-852 "
IAB,0050C2B64,FEW Bauer GmbH,Silvanastr. 3 Muenchen Bayern DE D-81927 
IAB,0050C2B65,Peek Traffic Corporation,2906 Corporate Way Palmetto Florida US 34221 
IAB,0050C2B6D,Sound Metrics Corp,15029 Bothell Way NE Lake Forest Park WA US 98155 
IAB,0050C2B59,SLICAN sp. z o.o.,ul.M.Konopnickiej 18 Bydgoszcz Kujawsko-Pomorskie PL 85-124 
IAB,0050C2B57,Phytec Messtechnik GmbH,Robert-Koch-Straße 39 Mainz Rheinland-Pfalz DE 55129 
IAB,0050C2B45,Efftronics Systems (P) Ltd,40-15-9 Vijayawada Andhra Pradesh IN 520010 
IAB,0050C2B40,Tecnint HTE SRL,Via della Tecnica 16/18 Osnago Lecco IT 23875 
IAB,0050C2B55,"SANYO ELECTRONIC INDUSTRIES CO.,LTD","Nagaoka4-73,Nakaku Okayama  JP 703-8221 "
IAB,0050C2B3D,AMS,"2-4-3,Kikawahigashi,Yodogawaku Osaka City  JP 532-0012 "
IAB,0050C2B24,Teledyne Defence Limited,"Airedale House, Acorn Park Shipley West Yorkshire GB BD17 7SW "
IAB,0050C2B21,Phytron-Elektronik GmbH,Industriestraße 12 Gröbenzell Bavaria DE 82194 
IAB,0050C2B22,FarSite Communications Limited,Tempus Business Centre Basingstoke Hampshire GB RG21 6XG 
IAB,0050C2B12,CM Elektronik GmbH,Im Kleinfeldele 17 Riegel a.K. Baden-Württemberg DE 79359 
IAB,0050C2B27,ATEME,26 BUROSPACE BIEVRES CEDEX  FR 91573 
IAB,0050C2B2F,"IntelliVision Technologies, Corp","5225 Hellyer Ave, Suite 200 San Jose CA US 95138 "
IAB,0050C2B36,CRDE,ZI DES GRANDS CAMPS MERCUES LOT FR 46090 
IAB,0050C2B0A,Indutherm Giesstechnologie GmbH,Brettener Straße 32 Walzbachtal Baden-Württemberg DE 75045 
IAB,0050C2B10,Marine Entertainment Systems Ltd,LSC House Orpington Kent GB BR5 3QY 
IAB,0050C2AFD,"HomeScenario, Inc.",5F No. 9 Sec. 2 Ho-Ping W. Rd. Taipei  TW 100 
IAB,0050C2AFA,Absolute Fire Solutions Inc.,1338 - 36 Ave NE Calgary Alberta CA T2E 6T6 
IAB,0050C2B02,MASTER CO LTD,"42-20, Palyong-Dong Changwon-City Gyeongnam KR 641-847 "
IAB,0050C2AEA,EMBEDIA,11 Avenue Albert EINSTEIN VILLEURBANNE  FR 69100 
IAB,0050C2AEB,UMLogics Corporation,"EXPOTEL 924, 381 Manyeon-dong, Seo-gu Daejeon  KR 302-150 "
IAB,0050C2AE5,"ABS Gesellschaft f. Automatisierung, Bildverarbeitung und Software mbH",Erlanger Allee 103 Jena Thueringen DE 07747 
IAB,0050C2AE2,Power Medical Interventions,2021 Cabot Blvd. West Langhorne PA US 19047 
IAB,0050C2AE1,EVERCARE,"4fl., 620-1 Shinsa-dong Seoul  KR 135-890 "
IAB,0050C2AD5,"Mighty Lube Systematic Lubrication, Inc.",9569 West 40th Street Fremont MI US 49412 
IAB,0050C2AF3,"Palomar Products, Inc.",23042 Arroyo Vista Rancho Santa Margarita California US 92688 
IAB,0050C2ADA,Essepie Srl,"Via Artigianato,5 DALMINE BERGAMO IT 24044 "
IAB,0050C2AA8,Nexans Cabling Solutions,Alsembergsesteenweg 2 B3 Buizingen  BE 1501 
IAB,0050C2AAD,Update Systems Inc.,10545 Baur Blvd. Saint Louis MO US 63132 
IAB,0050C2AC8,Palladio Systeme GmbH,Thalkirchner Str. 76 80337 BY DE 80337 
IAB,0050C2ABB,Volantic AB,Gymnasievagen 16 Skelleftea Vasterbotten SE 931 53 
IAB,0050C2A91,"Ceron Tech Co.,LTD","#809-1, Kranz Techno, 5442-1, Seongnam-si  KR 462-819 "
IAB,0050C2A90,S.two Corporation,9475 Double R Blvd. Reno NV US 89521 
IAB,0050C2AA2,ELPA sas,via Rocciamelone 3 Caprie TO IT 10040 
IAB,0050C2AA1,ELREM ELECTRONIC AG,Unterstrasse 35 Herzogenbuchsee Bern CH 3360 
IAB,0050C2A8C,"Redwire, LLC",8 Thorndike St Everett MA US 02149 
IAB,0050C2AA6,Bassett Electronic Systems ltd,Unit 24 Whitehill Ind Park Wootton Bassett Wiltshire GB SN4 7DB 
IAB,0050C2A87,Littlemore Scientific,Gutchpool Farm Gillingham Dorset GB SP8 5QP 
IAB,0050C2A88,S-SYS,Dijkstraat 8 Ham Limburg BE 3945 
IAB,0050C2A89,CA Traffic Ltd,Griffin Lane Aylesbury Buckinghamshire GB HP198BP 
IAB,0050C2AAA,Flexible Picture Systems,174 West Beaver Creek Road Richmond Hill Ontario CA L4B 1B4 
IAB,0050C2A58,EPL,4 IMPASSE DES SAULES FAREMOUTIERS SEINE ET MARNE FR 77515 
IAB,0050C2A59,GSP Sprachtechnologie GmbH,Teltowkanalstr. 1  Berlin DE 12247 
IAB,0050C2A54,Diamond Point International (Europe) Ltd,"13 Ashford House, Beaufort Court Rochester Kent GB ME2 4FA "
IAB,0050C2A53,Quality & Design,Bergweg 32 Rhenen  NL 3911 VB 
IAB,0050C2A73,"KYOEI ENGINEERING Co.,Ltd.",1-3-35 ATSUBETSU HIGASHI 5 JYO SAPPORO-SHI HOKKAIDO JP 004-0005 
IAB,0050C2A5D,"MECC CO., LTD.",196-1 FUKUDO OGORI-SHI FUKUOKA JP 838-0137 
IAB,0050C2A7C,Pneu-Logic Corporation,6650 SW Redwood Lane Portland OR US 97224 
IAB,0050C2A6A,Infocrossing,11800 Ridge Parkway Broomfield CO US 80021 
IAB,0050C2A33,Fuji Firmware,535-211 Nakayamacyou-Nishi Nara-City Nara-Prefecture JP 631-0013 
IAB,0050C2A31,"Coolit Systems, Inc.",3920 - 29th St. N.E. Calgary AB CA T1Y6B6 
IAB,0050C2A2F,DragonFly Scientific LLC,RR2 Box 467A Harveys Lake PA US 18618 
IAB,0050C2A41,Meiryo Denshi Corp.,38-23 higashi maeda Nishin City Aichi JP 470-0124 
IAB,0050C2A19,Icon Time Systems,15201 NW Greenbrier Parkway #A1 Beaverton OR US 97006 
IAB,0050C2A3B,IPcontrols GmbH,Neue Kasseler Str. 50 Marburg  DE 35039 
IAB,0050C2A4C,"VasoNova, Inc.",1368 Bordeaux Drive Sunnyvale CA US 94089 
IAB,0050C29F1,IDEAS s.r.l.,Via XXV Aprile 9/A Cassina de pecchi Milan IT 20060 
IAB,0050C29E9,Ciemme Sistemi Spa,"Viale Ariosto, 492/A Sesto Fiorentino (FIRENZE) IT 50019 "
IAB,0050C29ED,Picell B.V.,Liede 35 Rotterdam  NL 3068GP 
IAB,0050C2A16,Baudisch Electronic GmbH,Im Gewerbegebiet 7-9 Wäschenbeuren Baden-Württemberg DE 73116 
IAB,0050C2A08,LabJack Corporation,3232 S Vance St STE 100 Lakewood CO US 80227 
IAB,0050C2A04,TP Radio,Agenavej 37 Greve . DK 2670 
IAB,0050C29E5,Halliburton Far East Pte Ltd,315 Jalan Ahmad Ibrahim   SG 639940 
IAB,0050C29E1,Enreduce Energy Control AB,Box 459 UPPSALA  SE 751 06 
IAB,0050C29B9,"ISA - Intelligent Sensing Anywhere, S.A.",Estádio Cidade de Coimbra Coimbra  PT 3030-320 
IAB,0050C29C6,Protronic GmbH,Am Schwarzwasser 2b Bennewitz Sachsen DE 04828 
IAB,0050C29B7,St. Michael Strategies,701 Salaberry Chambly Quebec CA J3L 1R2 
IAB,0050C29B4,EUKREA ELECTROMATIQUE SARL,74 AVENUE JEAN JAURES PESSAC GIRONDE FR 33600 
IAB,0050C29A8,DOMIS SA,10 AV jean Moulin RUMILLY  FR 74150 
IAB,0050C2998,Phytec Messtechnik GmbH,Robert-Koch-Straße 39 Mainz Rheinland-Pfalz DE 55129 
IAB,0050C2992,IDT Sound Processing Corporation,917 chemin Pierre Drevet CALUIRE Rhone FR 69300 
IAB,0050C298D,Mecos AG,Industriestrasse 26 Winterthur  CH 8404 
IAB,0050C298A,MEV Limited,"Unit 8, Baxall Business Centre STOCKPORT Cheshire GB SK3 8LF "
IAB,0050C297B,SMARTQUANTUM SA,4 rue Louis de Broglie Lannion  FR 22300 
IAB,0050C2970,"Tsuji Electronics Co.,Ltd",3739 Kandatsu-machi Tsuchiura-city Ibafaki Pref. JP 3000013 
IAB,0050C2988,Pantel International,125 Joseph Zatzma Drive Dartmouth Nova Scotia US B3B1W1 
IAB,0050C297C,Creacon Technologies B.V.,Cornelis Houtmanstraat 26 Emmen  NL 7825 VG 
IAB,0050C2966,PCM Industries,46 Shaggy Mt. Drive Herriman Utah US 84096 
IAB,0050C2983,Bogart Engineering,19020 Two Bar Road Boulder Creek CA US 95006 
IAB,0050C295A,TechnoAP,Takaba 2247-4 Hitachinaka Ibaraki JP 312-0062 
IAB,0050C294B,Piller engineering Ltd.,Stauffenbergstraße 15 Ostfildern Baden-Württemberg DE 73760 
IAB,0050C294A,TruMedia Measurement Ltd.,"7 Leshem St., Kiriat-Matalon Petah-Tikva 4951768  IL  "
IAB,0050C295D,full electronic system,parc des ruires eybens  FR 38320 
IAB,0050C2946,MEGWARE Computer GmbH,Nordstrasse 19 Chemnitz-Roehrsdorf Sachsen DE 09247 
IAB,0050C2944,Wireonair A/S,Skudehavnsvej 17 Copenhagen  DK 2100 
IAB,0050C2931,Korea Telecom Internet Solutions (KTIS),"Room 208, Lotte Gold Rose Tower II, 890-59, Seoul  KR 135-280 "
IAB,0050C2934,Xilar Corp.,2160 South M-15 Hwy. Ortonville MI US 48462 
IAB,0050C2932,SMAVIS Inc.,"914 JEI Platz, 459-11 Gasan-dong, Seoul  KR 153-803 "
IAB,0050C2936,Margaritis Engineering,370 Verano Drive Los Altos CA US 94022 
IAB,0050C2929,Flight Deck Resources,16 Technology Drive Irvine California US 92618 
IAB,0050C292E,Goanna Technologies Pty Ltd,204 / 396 Scarborough Beach Rd Osborne Park WA AU 6017 
IAB,0050C28FE,Cross Country Systems AB,Box 83 Alfta  SE 822 22 
IAB,0050C2911,Vapor Rail,10655 Henri-Bourassa West Saint-Laurent Quebec CA H4S 1A1 
IAB,0050C2903,EcoAxis Systems Pvt. Ltd.,"3, Shreeniwas Classic, Pune Maharashtra IN 411045 "
IAB,0050C2900,Magor Communications Corp,350 Legget Drive Ottawa ON CA K2K 2W7 
IAB,0050C2904,"R2Sonic, LLC",5307 Industrial Oaks Blvd Austin TX US 78735 
IAB,0050C290D,EVK DI Kerschhaggl GmbH,Josef Krainer Str. 35 Graz Styria AT A8074 
IAB,0050C2914,IO-Connect,Ahlmannsvej 41B Sonderborg  DK 6400 
IAB,0050C291C,MangoDSP,Hartom 8 Jerusalem ISRAEL IL 45116 
IAB,0050C2915,Verint Systems Ltd.,33 Maskit St. Herzliya Israel IL 46733 
IAB,0050C28F3,Curtis Door Systems Inc,104 Sharron Avenue Plattsburgh NY US 12901 
IAB,0050C28FC,Symetrics Industries,1615 West Nasa Blvd West Melbourne Fl US 32901 
IAB,0050C28F8,RMSD LTD,30A Uppingham Cres North Shore City Auckland NZ 0627 
IAB,0050C28F1,Detection Technologies Ltd.,Fairview Building Ripley Derbyshire GB DE5 3GH 
IAB,0050C28E7,MKT Systemtechnik,Hasskampstraße 75-77 Bünde NRW DE 32257 
IAB,0050C28DA,"DOCUTEMP, INC",19 CROSBY DRIVE BEDFORD MA US 01730 
IAB,0050C28E9,UNIDATA,"Office 610, Antonova 5 Kiev  UA 03186 "
IAB,0050C28C9,A+S Aktuatorik und Sensorik GmbH,Franz-Wienholz-Str. 16 Prenzlau Brandenburg DE 17291 
IAB,0050C28BC,Honeywell Sensotec,2080 Arlingate Ln. Columbus Ohio US 43228 
IAB,0050C28BD,Matrix Switch Corporation,17720 Retrac Way Grass Valley CA US 95949 
IAB,0050C28BB,smtag international ag,Bahnhofstrasse 198 Wetzikon Zürich CH 8620 
IAB,0050C28B8,"DSS Networks, Inc.",23 Spectrum Pointe Drive Lake Forest CA US 92630 
IAB,0050C28B9,ACD Elektronik GmbH,Engelberg 2 Achstetten bawu DE 88480 
IAB,0050C28D5,Peek Traffic Corp,2511 Corporate Way Palmetto Fl US 34221 
IAB,0050C28D9,Industrial Control and Communication Limited,Unit 1 Manor Park Nailsea Bristol GB BS48 4DD 
IAB,0050C28D4,Internet Protocolo Lógica SL,Ramón y Cajal 5 Alcobendas Madrid ES 28100 
IAB,0050C28D3,IFAM GmbH,Parselvalstr. 2 Erfurt Thuringia DE 99092 
IAB,0050C28C3,Byte Paradigm,"Chaussée de Namur, 119 Nivelles (Thines) Brabant BE 1402 "
IAB,0050C28BF,ARISTO Graphic Systeme GmbH & Co. KG,Schnackenburgallee 117 Hamburg  DE 22525 
IAB,0050C28B1,"RingCube Technologies, Inc.","3990 Freedom Circle, Suite 200 Santa Clara CA US 95050 "
IAB,0050C28AE,DESARROLLO DE SISTEMAS INTEGRADOS DE CONTROL S.A.,"C/FEDANCI 8-10, 3º-3ª SANT CUGAT DEL VALLES BARCELONA ES 08174 "
IAB,0050C28AF,Xelerated,Olof Palmes gata 29 Stockholm  SE SE-11122 
IAB,0050C289D,Systemtechnik GmbH,Wielandstraße 12 Sömmerda Thuringia DE 99610 
IAB,0050C289B,"Sensata Technologies, Inc.",4467 White Bear Parkway White Bear Lake MN US 55110 
IAB,0050C288F,Keynote SIGOS GmbH,Klingenhofstraße 50d Nürnberg Bayern DE 90411 
IAB,0050C2891,"Admiral Secure Products, Ltd.",15-6400 Millcreek Drive Mississauga Ontario CA L5N 3E7 
IAB,0050C2881,"InnoTrans Communications, Inc.","6840 Via Del Oro, Ste#210 San Jose CA US 95119 "
IAB,0050C2720,Colorado Engineering Inc.,1915 Jamboree Drive Colorado Springs CO US 80920 
IAB,0050C2868,"Aethon, Inc.",100 Business Center Drive Pittsburgh PA US 15205 
IAB,0050C2866,Saia Burgess Controls AG,Bahnhofstrasse 18 Murten FR CH 3280 
IAB,0050C2877,Motion Analysis Corp,3617 Westwind Blvd Santa Rosa CA US 95403 
IAB,0050C2875,Phytec Messtechnik GmbH,Robert-Koch-Straße 39 Mainz Rheinland-Pfalz DE 55129 
IAB,0050C287D,AT&T Government Solutions,11301 Corporate Blvd. Orlando FL US 32817 
IAB,0050C2879,MILESYS,7 Ter rue de la porte de buc VERSAILLES YVELINES FR 78000 
IAB,0050C2848,"DASA ROBOT Co., Ltd.","11th Floor Bucheon Techno Park Bldg. 401 Yakdae0dong, Wonmi-gu, Bucheon-city Gyunggi-do, Republic of Korea Bucheon Gyunggi-do KR 420-734 "
IAB,0050C284C,Performance Motion Devices,1 Technology Park Drive  Westford MA US 01886 
IAB,0050C2852,eInfochips Ltd.,"11 A/B, Karmabhumi, Off C.G. Road, Ahmedabad Gujarat IN 380006 "
IAB,0050C2837,ID-KARTA s.r.o.,Hlavni 3 Opava  CZ 747 70 
IAB,0050C2821,MISCO Refractometer,3401 Virginia Rd. Cleveland OH US 44122 
IAB,0050C2830,CompuShop Services LLC,7517 Washington Ave S Edina  MN US 55439 
IAB,0050C282D,"Elmec, Inc.",61 Hayotzrim Street Karmiel Haifa US 20101 
IAB,0050C2826,HEWI Heinrich Wilke GmbH,Prof.-Bier-Str. 1-5 Bad Arolsen Hessen DE 34454 
IAB,0050C281A,InfoGLOBAL,"Manuel Pombo Angulo, 20 Madrid  ES 28050 "
IAB,0050C2823,Robot Visual Systems GmbH,Opladener Strasse 202 Monheim  DE 40789 
IAB,0050C2803,dB Broadcast Limited,Kestrel House Witchford Cambridgeshire GB CB6 2HY 
IAB,0050C27EE,NH Research,16601 Hale Ave. Irvine CA US 92606 
IAB,0050C2813,Intelleflex Corporation,2465 Augustine Dr Santa Clara CA US 95054 
IAB,0050C280D,Acube Systems s.r.l.,"via Tabacco, 58 Bassano del Grappa Vicenza IT 36061 "
IAB,0050C27D4,"WR Systems, Ltd.",2500 Almeda Ave. Norfolk VA US 23513 
IAB,0050C27CD,Precision MicroControl Corporation,2075 Corte del Nogal Carlsbad CA US 92011 
IAB,0050C27DD,LS Elektronik AB,Avestagatan 35 Spånga  SE 163 08 
IAB,0050C27E2,DIGITROL LTD,CORONET WAY SWANSEA WALES GB SA6 8RH 
IAB,0050C27E4,Meta Vision Systems Ltd.,Oakfield House Eynsham Oxfordshire GB OX29 4TH 
IAB,0050C27D6,International Mining Technologies,19 Collingwood St. Osborne Park Western Australia AU 6916 
IAB,0050C27BE,"Powerlinx, Inc.",10901-A Roosevelt Blvd. North St Petersburg Florida US 33716 
IAB,0050C27C1,Primary Integration Encorp LLC,"1825 Sharp Point Drive, Suite 118 Fort Collins CO US 80525 "
IAB,0050C27AE,Global Tel-Link,6612 E. 75th Street Indianapolis IN US 46250 
IAB,0050C27B0,IMP Telekom,Vojkova 58 Ljubljana  SI 1000 
IAB,0050C2790,GE Security-Kampro,"2F, No.8, Lane97, Wugong Rd., Hsin-Chuang City Taipei County TW 248 "
IAB,0050C278C,"Giga-tronics, Inc.",4650 Norris Canyon Road San Ramon CA US 94583 
IAB,0050C278F,ELMAR electronic,Hrvatske mornarice 1F Split  HR 21000 
IAB,0050C278E,GLOBALCOM ENGINEERING SRL,Via Volta 9 MORNAGO VA IT 21020 
IAB,0050C278D,Telairity,3375 Scott Blvd. #300 Santa Clara CA US 95054 
IAB,0050C27A5,Quantum Medical Imaging,"2002 Orville Drive, North Ronkonkoma NY US 11779 "
IAB,0050C2793,Enertex Bayern GmbH,Erlachstrasse 13 Forchheim Bayern DE 91301 
IAB,0050C279F,ZAO NPC,"Ostrovskogo, 65 Perm Perm region RU 614007 "
IAB,0050C2767,EID,Quinta dos Medronheiros Caparica  PT 2826-851 
IAB,0050C276D,Mobilisme,"RN536, Sungwoo Starus, 189-1 Sungnam-si Gyunggi-do KR 463-860 "
IAB,0050C275D,"Fluid Analytics, Inc.",3525 SE 17th Ave. Portland OR US 97202 
IAB,0050C274C,Saia-Burgess Controls AG,Bahnhofstrasse 18 Murten FR CH 3280 
IAB,0050C273D,cryptiris,235 avenue du coulins gemenos bdr FR 13420 
IAB,0050C272B,Sequestered Solutions,801 B Street Anchorage Alaska US 99501 
IAB,0050C271E,ASKI Industrie Elektronik Ges.m.b.H.,Irrseeblick 47 4893 Zell am Moos AT  
IAB,0050C272F,Priority Electronics Ltd,55 Trottier Bay Winnipeg Manitoba CA R3T 3R3 
IAB,0050C2736,Nika Ltd,Kievskaja 14B Vinnitsa  UA 21009 
IAB,0050C2714,"T.E.AM., S. A.",PARQUE TECNOLOGICO EDIFICIO 108 ZAMUDIO BIZKAIA ES 48170 
IAB,0050C2712,Pasan SA,Rue Jaquet-Droz 8 Neuchâtel NE CH 2000 
IAB,0050C26F6,AV SatCom AS,Martin Linges v 25 Fornebu Bærum NO 1364 
IAB,0050C26F8,RV Technology Limited,"12/F, Wilson House   HK  "
IAB,0050C2705,Hauch & Bach ApS,Femstykket 6 Lynge  DK 3540 
IAB,0050C2710,Wharton Electronics Ltd,"Unit 15, Thame Park Business Centre Thame Oxfordshire GB OX9 3XA "
IAB,0050C270A,Efficient Channel Coding,4830 E. 49th St. Cuyahoga Heights Ohio US 44125 
IAB,0050C26E2,Phytec Messtechnik GmbH,Robert-Koch-Straße 39 Mainz Rheinland-Pfalz DE 55129 
IAB,0050C26E4,MangoDSP,Hartom 8 Jerusalem  IL 45116 
IAB,0050C26DE,Laser Tools & Technics Corp.,"No.121, Lane 99 Hsin Chu  TW 300 "
IAB,0050C26D6,ADL Electronics Ltd.,Bukharestskaya 31-3-85 Saint-Petersburg  RU 192071 
IAB,0050C26ED,"Sechan Electronics, Inc.",525 Furnace Hills Pike Lititz PA US 17543 
IAB,0050C26F1,ITS Telecom,29 Hametzuda Street Azur  IL 58001 
IAB,0050C26B6,CommoDaS GmbH,Rosengarten 10 Wedel Schlewig Holstein DE 22880 
IAB,0050C26CB,Stream Processors,"455 DeGuigne Drive Sunnyvale, CA US 94085 "
IAB,0050C26D1,Schnick-Schnack-Systems GmbH,Mathias-Brüggen Str. 79 Koeln  DE 50829  
IAB,0050C26BF,Optoplan as,Haakon VII's gt. 17 Trondheim  NO 7041 
IAB,0050C26AF,Nanoradio AB,Torshamnsgatan 39 Kista-Stockholm  SE SE-16482 
IAB,0050C2687,"Access Specialties, Inc",10255 Inver Grove Trail Inver Grove Heights MN US 55077 
IAB,0050C2685,Datamars SA,via ai Prati Bedano Ticino CH 6930 
IAB,0050C2683,MEGGITT Safety System,1915 Voyager Avenue Simi Valley Ca. US 93063-3349 
IAB,0050C26A6,Victory Concept Industries Ltd.,"4/F., CAC Tower Kwun Tong Kowloon HK  "
IAB,0050C26A2,Cadi Scientific Pte Ltd,31 Ubi Road 1 Aztech Building Singapore  SG 408694 
IAB,0050C26A4,TELETASK,Ottergemsesteenweg-Zuid 729 GENT Ooost-Vlaanderen BE 9000 
IAB,0050C26A1,PRICOL LIMITED,"7-1-59/4, TURNING POINT COMPLEX HYDERABAD ANDHRA PRADESH IN 500016 "
IAB,0050C268B,SIMTEK INC.,1505 ROYAL PARKWAY EULESS TEXAS US 76040 
IAB,0050C268C,Isochron Inc,11044 Research Blvd Austin TX US 78759 
IAB,0050C269D,"Dvation.co.,Ltd","Room506,5F Solive Bldg,333-2 SEOUL  KR 153-010 "
IAB,0050C269A,StoreTech Limited,73 - 75 Upper Richmond Road Putney London GB SW15 2SR 
IAB,0050C267E,SAIA Burgess Controls AG,Bahnhofstrasse 18 Murten FR CH 3280 
IAB,0050C2693,"Tech Comm, Inc.",5010 No. Hiatus Road Sunrise FL US 33351 
IAB,0050C265F,"Invocon, Inc.",19221 IH-45 South Ste. 530 Conroe TX US 77385 
IAB,0050C2673,Ferrari electronic AG,Ruhlsdorfer Str. 138 TELTOW  DE 14513 
IAB,0050C2670,Naim Audio,Southampton Road Salisbury Wiltshire GB SP1 2LN 
IAB,0050C267B,Sparton Electronics,2400 East Ganson Street Jackson MI US 49202 
IAB,0050C2650,"Liquid Breaker, LLC",2221 Rutherford Rd. Carlsbad California US 92008 
IAB,0050C264F,MA Lighting Technology GmbH,Dachdeckerstr. 16 Waldbuettelbrunn Bayern DE 97297 
IAB,0050C264E,Northern Power,182 Mad River Park Waitsfield VT US 05673 
IAB,0050C264B,MangoDSP,Hartom 8 Jerusalem  IL 45116 
IAB,0050C2642,Stanton Technologies Sdn Bhd,"Suite 3, 4th Floor, NB Place, Penang  MY 10350 "
IAB,0050C2639,Qstreams Networks Inc.,2301 Dorsey Rd. Glen Burnie MD US 21061 
IAB,0050C262C,"AirMatrix, Inc.",12775 LBJ Drive Brenham Texas US 77833 
IAB,0050C264A,CPqD,Rod. SP-340 Campinas Mogi-Mirim Campinas SP BR 13086902 
IAB,0050C2651,STAER SPA,"VIA TIBURTINA,1266 ROMA  IT 00131 "
IAB,0050C262E,TDM Ingénierie,6 av H. Becquerel Mérignac Aquitaine FR 33700 
IAB,0050C2617,"NARINET, INC.",Dept of Comp. Eng. CNU Daejeon  KR 305-764 
IAB,0050C2629,MacDonald Humfrey (Products) Ltd,"Progress Manor, Luton Beds GB LU13HY "
IAB,0050C2627,"JungleSystem Co., Ltd.",4F Naewae Bldg.382-5 Sungnam Gyeonggi KR 463-827 
IAB,0050C2623,SAFELINE SL,EDIFICIO SAFELINE MATARO BARCELONA ES 08302 
IAB,0050C261C,"TestPro Systems, Inc.",2119 Metro Circle Huntsville Alabama US 35801 
IAB,0050C2622,2N TELEKOMUNIKACE a.s.,Modranska 621 Prague  CZ 143 01 
IAB,0050C2608,Silex Industrial Automation Ltd.,Gyepsor u. 1. Budapest Pest megye HU 1211 
IAB,0050C25FD,MEG Electronic Inc.,Bogazici Universitesi Kuzey Kampus  Bebek Besiktas TR  
IAB,0050C25FF,Gazelle Monitoring Systems,"Level 11, Tower B, 821 Pacific Hwy Chatswood NSW AU 2067 "
IAB,0050C25FA,LEA d.o.o.,Finzgarjeva ulica 1a Lesce  SI 4248 
IAB,0050C25FC,FilmLight Limited,14-15 Manette Street London  GB W1D 4AP 
IAB,0050C25F4,TeamProjects BV,Zonnebaan 42 Utrecht  NL 3542 EG 
IAB,0050C25F1,Technomarine JSC,"3, Gapsalskaja Str. Saint-Petersburg  RU 198035 "
IAB,0050C25C5,"Radiant Imaging, Inc.","15321 Main St NE, Suite 310 Duvall WA US 98019 "
IAB,0050C25E4,"Buyang Electronics Industrial Co., Ltd.",434-140 Oryu-Dong Incheon  KR 404-300 
IAB,0050C25B2,Syntronic AB,Utmarksvagen 33C Gavle  SE 802 91 
IAB,0050C25AA,Transenna AB,Roslinvagen 48 Bromma Stockholm SE SE-16851 
IAB,0050C25C4,ProMik GmbH,Suedwestpark 100 Nuernberg Bayern DE 90449 
IAB,0050C259F,ads-tec GmbH,Raiffeisenstraße 14 Leinfelden-Echterdingen Baden-Württemberg US 70771 
IAB,0050C25B9,Taiwan Video & Monitor,"3F, 141 Jen Ai Rd Sec. 3 Taipei City  TW 106 "
IAB,0050C25B1,Rosta Ltd,"Office 17, Moscow  RU 123103 "
IAB,0050C2593,Broadlight,7 Begin st Ramat Gan  IL 52521 
IAB,0050C2591,Grosvenor Technology Ltd,Millars Three Bishop's Stortford Hertfordshire GB CM23 3DH 
IAB,0050C2574,Ingeniería AlmudÃ­ S.L.,"c/ San Luis, 8 bajo 1ş Murcia Alcantarilla ES 30820 "
IAB,0050C259A,MultiTrode Pty Ltd,18 Brandl Street Brisbane QLD AU 4113 
IAB,0050C257F,"Orderite, Inc.",P. O. Box 48004 Athens GA US 30604 
IAB,0050C258F,XoIP Systems Pty Ltd,"Unit 17, 538 Gardeners Rd Alexandria NSW AU 2015 "
IAB,0050C2573,"DATAMICRO Co., Ltd.",P.O. Box 17 Taganrog Rostov Region RU 347916 
IAB,0050C257E,Digital Way,1 Chemin des CHAUX Saint-Etienne Loire FR 42000 
IAB,0050C2575,SOLYSTIC,14 Avenue de Raspail GENTILLY Cedex Val de Marne FR 94257 
IAB,0050C2565,WORKPOWER TECNOLOGIA ELETRONICA LTDA-EPP,"RUA OTAVIO PASSOS, 132 São Paulo SP BR 05590-190 "
IAB,0050C2563,"ORTRAT, S.L.",Calle de la Sófora 15 E-28020 Madrid ES  
IAB,0050C2564,Last Mile Gear,1324 Vandercook Way Longview WA US 98632 
IAB,0050C255F,Moog Broad Reach,1113 Washington Ave #200 Golden CO US 80401 
IAB,0050C2568,"GeoFocus, LLC","3651 FAU Blvd., Suite 215 Boca Raton FL US 33431 "
IAB,0050C2558,Bedo Elektronik GmbH,Ennsstrasse 19 Krefeld NRW DE 47809 
IAB,0050C2562,C21 Systems Limited,Dunston Innovation Centre Chesterfield Derbyshire GB S41 8NG 
IAB,0050C254F,Valtronic SA,Rue de Bon Port Les Charbonničres Vaud CH 1343 
IAB,0050C2534,Hyundai J. Comm,"254-1, Makok-Ri, Hopub-Myoun Ichun-Si Kyungki-Do KR 467-820 "
IAB,0050C2535,MMS Servis s.r.o.,Hodzova 261/1 Myjava Slovak Republic SK 907 01 
IAB,0050C252D,Smartcom-Bulgaria AD,"Office 414A, BIC IZOT Building 1  SOFIA BG 1784 "
IAB,0050C252A,OMNITRONICS PTY LTD,15 HECTOR STREET OSBORNE PARK WESTERN AUSTRALIA AU 6017 
IAB,0050C253D,Digital communications Technologies,5201 Blue Lagoon Dr.  #843 Miami Florida US 33126 
IAB,0050C2538,EtherTek Circuits,#38 - 473 Corina Ave. Princeton British Columbia CA V0X1W0 
IAB,0050C2541,WAVES SYSTEM,La Ville en Bois BOUAYE Loire Atlantique FR 44830 
IAB,0050C250F,Polystar Instruments AB,Mårbackagatan 19 Stockholm  SE 11559 
IAB,0050C251B,Beta Lasermike Ltd,Stirling Road High Wycombe Bucks GB HP12 3RT 
IAB,0050C2516,"SOWA ELECTRIC CO., LTD.",92 Kitanokuchi-cho Shimotoba Kyoto-City  JP 612-8392 
IAB,0050C2529,Phytec Messtechnik GmbH,Robert-Koch-Straße 39 Mainz Rheinland-Pfalz DE 55129 
IAB,0050C2526,"AC SYSTEMS, s.r.o.",Srobarova 3 Praha 3  CZ 130 00 
IAB,0050C24FB,BES Technology Group,3080 Olcott str ste 205a Santa Clara CA US 95054 
IAB,0050C24FA,"Cambridge Technology, Inc.",25 Hartwell Ave Lexington MA US 02421-3102 
IAB,0050C24F5,"Monroe Electronics, Inc.",100 Housel Avenue Lyndonville NY US 14098 
IAB,0050C24F4,O2RUN,"8F/Hagye Techno Town.,250-3,Hagye-dong,Nowon-gu SEOUL  KR 139-727 "
IAB,0050C250B,Logic Beach Inc,8363-6F Center Drive La Mesa CA US 91942 
IAB,0050C2509,"Hillcrest Laboratories, Inc.",15245 Shady Grove Road Rockville Maryland US 20850 
IAB,0050C24F1,Packet Island Inc.,2332B Walsh Ave Santa Clara California US 95051 
IAB,0050C24EB,Mandozzi Elettronica SA,Via Volta 2 Ponte Capriasca  CH 6946 
IAB,0050C2502,Criterion Systems Limited,Criterion House Stockport Cheshire GB SK1 1YH 
IAB,0050C24C1,"Movaz Networks, Inc.",One Technology Parkway South Norcross GA US 30092 
IAB,0050C24BD,Argon ST,8419 Terminal Road Newington VA US 22122 
IAB,0050C24BE,"Digital Dynamics, Inc.",5 Victor Square Scotts Valley CA US 95066 
IAB,0050C24C6,Rubin Ltd.,Egressy St. 17. Budapest Budapest HU H-1149 
IAB,0050C24C4,"Black Diamond Video, Inc.",1151 Harbor Bay Parkway Suite 101 Alameda CA US 94502 
IAB,0050C24C3,"Quantum3D, Inc.",6330 San Ignacio Avenue San Jose CA US 95051 
IAB,0050C24E4,Embigence GmbH,Goethestrasse 52 Ladbergen NRW DE 49549 
IAB,0050C24CB,Verint Systems Ltd,23 Habarzel St. Tel Aviv  IL 69710 
IAB,0050C24D5,SEBA Design Pty Ltd,164 Princes Highway Dandenong VIC AU 3175 
IAB,0050C24AF,Orbis Oy,Taivaltie 5 Vantaa  FI 01610 
IAB,0050C24AE,ads-tec GmbH,Raiffeisenstraße 14 Leinfelden-Echterdingen Baden-Württemberg DE 70771 
IAB,0050C249F,"GCS, Inc",2665 Pine Grove Rd. Cumming Georgia US 30041 
IAB,0050C2312,Dese Technologies SL,"Av. Benjamin Franklin 12 , Edif CEEI Paterna Valencia ES 46980 "
IAB,0050C24A0,Advanced technologies & Engineering (pty) Ltd,998 16 th Road Midrand Gauteng ZA  
IAB,0050C24A4,IEEE P1609 WG,3800 N Fairfax Drive #207 Arlington VA US 22203-1759 
IAB,0050C24BA,Mistletoe Technologies,20450 Stevens Creek Blvd. Suite 200 Cupertino CA US 95014 
IAB,0050C24A3,"Protium Technologies, Inc.",10 Bearfoot Rd. Northborough MA US 01532 
IAB,0050C247C,AUCONET GmbH,Rudower Chaussee 31  Berlin DE 12489 
IAB,0050C248C,UNITON AG,Pumpwerkstrasse 18 Regensdorf ZH CH 8105 
IAB,0050C248A,"Mobile Matrix, Inc.",125 Half Mile Road Red Bank New Jersey US 07701 
IAB,0050C248B,ads-tec GmbH,Raiffeisenstraße 14 Leinfelden-Echterdingen Baden-Württember